{
  "name": "IEEE_8500node_10_IEEE118_gpk_1_CoSimulation-HELICSRunner",
  "broker": {
    "coreType": "zmq",
    "initString": "--federates=10 --localport=23500"
  },
  "stop_time": 1.0,
  "federates": [
    {
      "name": "gld_fed_1",
      "host": "localhost",
      "exec": "gridlabd.sh IEEE_8500node_1.glm",
      "directory": "."
    },
    {
      "name": "gld_fed_2",
      "host": "localhost",
      "exec": "gridlabd.sh IEEE_8500node_2.glm",
      "directory": "."
    },
    {
      "name": "gld_fed_3",
      "host": "localhost",
      "exec": "gridlabd.sh IEEE_8500node_3.glm",
      "directory": "."
    },
    {
      "name": "gld_fed_4",
      "host": "localhost",
      "exec": "gridlabd.sh IEEE_8500node_4.glm",
      "directory": "."
    },
    {
      "name": "gld_fed_5",
      "host": "localhost",
      "exec": "gridlabd.sh IEEE_8500node_5.glm",
      "directory": "."
    },
    {
      "name": "gld_fed_6",
      "host": "localhost",
      "exec": "gridlabd.sh IEEE_8500node_6.glm",
      "directory": "."
    },
    {
      "name": "gld_fed_7",
      "host": "localhost",
      "exec": "gridlabd.sh IEEE_8500node_7.glm",
      "directory": "."
    },
    {
      "name": "gld_fed_8",
      "host": "localhost",
      "exec": "gridlabd.sh IEEE_8500node_8.glm",
      "directory": "."
    },
    {
      "name": "gld_fed_9",
      "host": "localhost",
      "exec": "gridlabd.sh IEEE_8500node_9.glm",
      "directory": "."
    },
    {
      "name": "gld_fed_10",
      "host": "localhost",
      "exec": "gridlabd.sh IEEE_8500node_10.glm",
      "directory": "."
    },
    {
      "name": "gpk_fed",
      "host": "localhost",
      "exec": "./build/powerflow_ex.x",
      "directory": "."
    }
  ]
}
